{
  "study": "MTBLS1465_HILICneg__ppm5_35195",
  "num_khipus": 3269,
  "num_features": 36361,
  "mzdelta_explained_khipus": 166,
  "mzdelta_explained_features": 355,
  "freq_delta_values_used": [
    27.99509999999998,
    32.026099999999985,
    18.010599999999954,
    27.994799999999998,
    2.0153000000000247,
    2.0159499999999753,
    2.01520000000005,
    13.978899999999953,
    42.00995,
    2.01520000000005,
    28.03105000000005,
    26.015699999999924,
    28.03105000000005,
    14.015800000000013,
    67.9874000000001,
    2.0156500000000506,
    13.979400000000055,
    28.031100000000038,
    2.015700000000038,
    2.0155500000000757,
    13.979450000000156,
    18.01079999999996,
    14.015699999999981,
    2.01520000000005,
    2.0153000000000247,
    67.98759999999999,
    15.995200000000068,
    15.995049999999878,
    26.015800000000013,
    2.0156999999999243,
    2.0156725000000506,
    18.010400000000004,
    15.995199999999954,
    46.0052,
    18.010899999999992,
    2.0156999999999243,
    18.010349999999903,
    46.00540000000001,
    2.0156500000000506,
    15.994649999999979,
    18.010500000000093,
    28.031299999999987,
    46.0051,
    13.978999999999928,
    15.994850000000042,
    18.01075000000003,
    28.031600000000026,
    26.015700000000038,
    2.015850000000114,
    28.030987500000037,
    18.01049999999998,
    2.015899999999988,
    18.010799999999904,
    26.015137499999923,
    15.994599999999991,
    28.03150000000005,
    15.994899999999916,
    18.01039999999989,
    13.978700000000003,
    28.03150000000005,
    26.015600000000063,
    2.015600000000063,
    26.015999999999963,
    42.01070000000004,
    26.0157999999999,
    2.015800000000013,
    2.0154999999999745,
    28.031450000000063,
    26.01595000000009,
    26.015899999999988,
    15.994399999999985,
    2.0154999999999745,
    2.015700000000038,
    18.01055000000008,
    28.031499999999937,
    2.0155999999999494,
    28.03099999999995,
    2.015749999999912,
    18.010350000000017,
    28.031000000000006,
    15.994558333333316,
    28.031200000000013,
    26.01559999999995,
    46.00490000000002,
    17.02660000000003,
    28.03159999999997,
    2.0156000000000063,
    28.031594166666707,
    18.010199999999998,
    26.01520750000003,
    28.031366666666656,
    15.99430000000001,
    26.01520416666665,
    28.031499999999994,
    28.030700000000024,
    28.03110000000001,
    2.015699999999981,
    2.0155999999999494,
    26.01524999999998,
    18.01079249999998,
    28.031299999999987,
    32.02629999999999,
    42.01049999999998,
    14.015699999999981,
    15.994633333333354,
    2.015550000000019,
    15.994699999999966,
    28.03159999999997,
    27.99520000000001,
    26.015899999999988,
    13.979149999999947,
    42.010599999999954,
    26.015799999999956,
    46.00559999999999,
    28.031105000000025,
    26.01570000000001,
    28.03159999999997,
    46.00569999999999,
    18.01044999999999,
    42.04650000000004,
    28.031199999999984,
    46.0052,
    14.0154,
    17.02619999999999,
    26.01559999999995,
    67.98750000000001,
    18.010899999999992,
    67.98750000000001,
    67.98759999999999,
    28.031020000000012,
    14.015800000000013,
    2.015500000000003,
    27.99440866666663,
    18.01079999999996,
    15.994699999999966,
    28.031277499999987,
    26.015800000000013,
    17.02625416666666,
    14.015600000000006,
    32.02589999999998,
    28.031499999999994,
    26.015899999999988,
    2.015899999999988,
    67.98739999999998,
    26.015299999999996,
    46.00570000000005,
    46.00570000000005,
    67.98759999999999,
    46.005499999999984,
    42.010850000000005,
    14.01594666666665,
    28.031600000000026,
    14.015500000000003,
    14.015500000000003,
    42.010400000000004,
    15.994799999999998,
    2.0157000000000096,
    26.01570000000001,
    18.010500000000008,
    26.015800000000013,
    18.010760000000005,
    18.010399999999976,
    2.0153999999999996,
    18.01060000000001,
    15.995100000000036,
    27.9949,
    15.995000000000005,
    14.015699999999981,
    14.01521624999998,
    28.03114999999997,
    14.015800000000013,
    18.010899999999992,
    46.00490000000002,
    18.010590000000036,
    15.994699999999995,
    28.03159999999997,
    14.015899999999988,
    18.01079999999996,
    28.03125,
    14.0154,
    18.01075000000003,
    42.010699999999986,
    46.00529999999998,
    18.01045000000005,
    18.01040000000006,
    18.01040000000006,
    18.01040000000006,
    18.01040000000006,
    18.010400000000004,
    46.004819999999995,
    18.009900000000016,
    14.015599999999978,
    2.015599999999978,
    17.0265,
    2.015899999999988,
    2.0152380000000107,
    18.010750000039252,
    42.01000000000005,
    18.01081475000001,
    18.010397500000067,
    18.010699999999986,
    18.01049999999998,
    14.01585,
    2.015700000000038,
    26.015600000000006,
    15.99509999999998,
    18.010636666667153,
    18.009931999999992,
    18.009912499999984,
    15.994977500000005,
    14.015800000000013,
    15.99490000000003,
    67.98759999999999,
    26.01569999999998,
    26.015899999999988,
    46.005499999999984,
    28.031049999999993,
    14.015999999999991,
    42.01049999999998,
    46.00499999999997,
    42.010099999999966,
    42.010099999999966,
    18.01073133333341,
    15.994799999999998,
    14.015699999999981,
    42.01019999999997,
    14.015265,
    15.994799999999998,
    18.010599999999954,
    2.0154999999999745,
    42.01019999999997,
    27.994699999999966,
    14.015672499999994,
    28.03123333333332,
    42.01079999999999,
    28.031299999999987,
    14.015800000000013,
    15.995000000000005,
    32.026400000000024,
    46.005600000000015,
    46.00573800000001,
    46.00527864285712,
    42.0471,
    28.03140000000002,
    26.01569999999998,
    18.010500000000036,
    18.01060000000001,
    46.00550000000001,
    32.026100000000014,
    2.0156000000000063,
    15.994969749999996,
    32.02614999999997,
    27.994499999999988,
    13.978999999999985,
    2.0157499999999686,
    26.015600000000006,
    28.031200000000013,
    46.00539999999998,
    46.00529999970553,
    26.01539999999997,
    46.00510166666663,
    26.01550000000003,
    14.015560833333325,
    42.04710000000003,
    14.015800000000013,
    2.0153999999999996,
    46.00540000000001,
    32.026399999999995,
    27.995100000000008,
    15.994599999999991,
    26.015649999999994,
    27.99446783333326,
    42.01001783333328,
    18.010699999999986,
    32.02589999999998,
    15.994999999999976,
    2.0154999999999745,
    14.015599999999978,
    46.005449999999996,
    46.005300000000034,
    18.010500000000008,
    27.995100000000008,
    28.031500000000023,
    13.979399999999998,
    46.00556666666665,
    32.0256,
    15.99449999999996,
    14.015899999999988,
    42.00997799973592,
    15.994799999999998,
    46.005521333333604,
    42.01060000000004,
    18.010399999999976,
    28.031199999999984,
    18.01060000000001,
    2.0156000000000063,
    27.99459999999999,
    14.015299999999968,
    15.99479999999997,
    18.010100000000023,
    15.995050000000049,
    18.01049999999998,
    26.015899999999988,
    32.02569999999997,
    27.995000000000033,
    14.015600000000006,
    26.015800000000013,
    2.0156000000000063,
    27.9949,
    28.030899999999974,
    18.01079999999999,
    14.015999999999991,
    32.02629999999999,
    18.010380000329548,
    32.026080000069896,
    67.98749999999998,
    46.00540000000001,
    18.010500000000008,
    46.005025000000046,
    18.010500000000008,
    27.995229999735926,
    28.030730833332285,
    46.005499999999984,
    14.015550000000019,
    15.994900000000001,
    14.015499999999975,
    46.005499999999984,
    27.994999999999976,
    46.00550000000001,
    18.010599999999982,
    13.97920000000002,
    14.015800000000013,
    27.994999999999976,
    14.015699999740349,
    13.978700000000003,
    67.98681425000044,
