{
  "study": "MTBLS4187_RPneg__ppm5_3524019",
  "num_khipus": 7301,
  "num_features": 70070,
  "mzdelta_explained_khipus": 172,
  "mzdelta_explained_features": 336,
  "freq_delta_values_used": [
    26.0154,
    27.99459999999999,
    67.9873,
    67.98739999999998,
    46.005199999999945,
    26.015852750000022,
    67.98750000000007,
    2.015800000000013,
    13.97930000000008,
    67.98739999999998,
    67.98749999999995,
    67.98761800014881,
    2.0159999999999627,
    18.01010000000008,
    28.031200000000013,
    46.00520000000006,
    67.98710000000005,
    18.010600000000068,
    18.01049999999998,
    42.00999999999999,
    46.00526666666656,
    18.010489166666503,
    67.98680000000002,
    18.010899999999992,
    2.015372499999785,
    67.98708800000009,
    13.978899999999953,
    13.979199999999992,
    46.00559999999996,
    28.031600000000026,
    2.0154999999999745,
    2.0156999999999243,
    67.98750000000007,
    67.98708799999986,
    67.987438,
    67.98740993333331,
    67.98723800000005,
    67.98700800076017,
    67.98733800000002,
    46.00546083333336,
    67.98706608333327,
    67.98739999999998,
    27.994500000000073,
    18.009900000000016,
    26.015272500000037,
    67.98698800000125,
    2.015899999999988,
    14.015300000000025,
    26.01585,
    18.010399999999947,
    67.98740983333425,
    67.98761300000024,
    26.01549999999986,
    46.00560000000007,
    13.978899999999953,
    26.01559999999995,
    67.98699999999997,
    67.98699999999997,
    2.015199999999936,
    67.98721300000011,
    26.015300000000025,
    26.015551166666683,
    26.0154,
    67.987213,
    15.995199999999954,
    13.978700000000003,
    67.98758800000007,
    26.01518025000007,
    15.994550000000004,
    67.98709999999994,
    18.01056390000008,
    15.994466666666654,
    42.010327166666684,
    13.979249999999979,
    26.015203500000098,
    26.01509999999996,
    26.015199999999936,
    15.994969999999967,
    15.994702500000017,
    67.9874000000001,
    26.015400000000113,
    46.005600000000015,
    42.01049999999998,
    46.00524999999993,
    46.00576000000001,
    27.994500000000016,
    67.98739999999998,
    2.0155999999999494,
    67.98761300000001,
    42.0471,
    46.00540000000001,
    67.98699999999997,
    67.98749999999995,
    67.98739999999998,
    67.98710000000005,
    46.00562500000001,
    15.994300000000067,
    14.015600000000063,
    67.98699999999997,
    67.98689999999999,
    46.00571750000006,
    46.00560000000007,
    13.97930000000008,
    32.02625733333332,
    18.010433333333367,
    26.015708916666654,
    67.98750000000007,
    46.005499999999984,
    13.979399999999941,
    42.046800000000076,
    15.99520583333333,
    67.98700000000008,
    67.98750000000007,
    67.98720000000003,
    2.015749999999912,
    46.005094166666595,
    26.015499999999975,
    42.01039999999989,
    15.994718000000034,
    46.00539416666652,
    67.98756300000014,
    26.015016083333308,
    26.015949999999975,
    26.015949999999975,
    26.0154,
    46.00570000000005,
    46.00570000000005,
    42.047000000000025,
    42.010599999999954,
    42.04689999999994,
    42.04689999999994,
    42.04689999999994,
    42.04689999999994,
    42.04689999999994,
    26.0154,
    13.979289166666604,
    26.015250000000037,
    42.01030000000003,
    13.978899999999953,
    67.98739999999998,
    26.015620000000013,
    18.01049999999998,
    32.0265,
    26.015449999999987,
    46.00560000000007,
    67.9873,
    67.98689999999999,
    28.031399999999962,
    26.01529999999991,
    27.99480583333343,
    67.98749999999995,
    28.0308,
    26.015510833333337,
    27.995200000000068,
    27.995200000000068,
    27.994500000000016,
    67.98749999999995,
    46.004822500000046,
    46.004822500000046,
    42.04729999999995,
    67.98759999999993,
    42.04660000000001,
    46.005300000000034,
    14.015300000000025,
    18.01010000000008,
    14.015900000000101,
    18.01010000000008,
    14.015900000000101,
    42.01030000000003,
    26.01509999999996,
    67.98670000000004,
    13.979000666666593,
    67.98734828571116,
    17.026500000000055,
    67.98754423809521,
    67.98740966666662,
    28.031499999999937,
    18.01049999999998,
    18.010203333333266,
    18.01049999999998,
    42.00999999999999,
    42.04660000000001,
    27.994699999999966,
    46.00510750000001,
    67.98749999999995,
    15.99490000000003,
    13.979427500000043,
    27.995000000000005,
    46.005300000000034,
    13.979400000000055,
    15.99470000000008,
    46.00510000000003,
    14.015817250000055,
    67.9876204285714,
    2.0153999999999996,
    42.04729999999995,
    46.00509999999997,
    46.005499999999984,
    42.009900000000016,
    2.0154999999999745,
    67.98759999999993,
    2.015800000000013,
    42.01089999999999,
    46.005300000000034,
    14.015700000000038,
    42.04690000000005,
    42.01069999999993,
    42.010599999999954,
    14.015700000000038,
    15.995094166666604,
    15.994331000000102,
    46.00560000000007,
    42.01012129999992,
    42.01051849999999,
    15.995200000000068,
    42.01028800000006,
    14.015499999999975,
    2.0156999999999243,
    42.01089999999999,
    17.025999999999954,
    26.015899999999988,
    42.01056583333332,
    14.015499999473832,
    28.031399999504515,
    32.025600000000054,
    2.0154999999999745,
    2.015899999999988,
    18.01049999999998,
    13.978799999999978,
    28.031200000000013,
    32.02629999999999,
    67.98684999999995,
    42.047000000000025,
    42.047000000000025,
    14.015900000030683,
    27.994699999999966,
    13.978600000000029,
    46.00519000000003,
    18.010899999999992,
    46.00568283333337,
    14.015999999999963,
    27.99459999999999,
    42.04708899999997,
    42.04708899999997,
    26.01554483333325,
    42.01060000000001,
    67.98679999999996,
    42.04699999999997,
    42.04699999999997,
    27.994590833333348,
    27.994590833333348,
    67.98699999999997,
    28.03101974960674,
    28.031277499999987,
    42.009900000000016,
    15.994799999999998,
    46.00510750000001,
    46.00529999999998,
    67.98759999999999,
    27.994550000061054,
    13.978600000000029,
    46.00500033333401,
    32.0265,
    67.98748910042582,
    42.01029999999997,
    14.015700000000038,
    46.00570000000005,
    46.00570000000005,
    46.00549083333334,
    67.98720000000003,
    46.005799999999965,
    46.00569999999999,
    46.005799999999965,
    46.005799999999965,
    13.979399999999998,
    27.99430000000001,
    67.9871,
    28.03110000060576,
    26.015800000000013,
    17.026399999999995,
    13.979300000000023,
    42.01048025038892,
    46.00542416666667,
    67.98759999999999,
    42.010099999999966,
    14.015300000000025,
    28.03149999951654,
    18.010700000000043,
    46.0052583333333,
    67.98740000000004,
    28.0308,
    15.994699999999966,
    46.005499999999984,
    67.98700000000002,
    18.010800000000017,
    2.015800000000013,
    14.015500000000003,
    15.994900000000001,
    15.994899999999973,
    27.994999999999976,
    46.00565,
    46.0055058333333,
    26.015899999999988,
    46.005600000000015,
    27.995100000000008,
    26.015900000000016,
    28.031200000000013,
    15.995199999999983,
    67.98747633333335,
    15.994599999999991,
    32.025900000000036,
    2.015199999999993,
    46.00559999999996,
    26.015577500000006,
    46.0052,
    67.98749999999995,
    32.02629999999999,
    15.995100000000008,
    67.9871,
    14.015699999999981,
    18.01079999999999,
    13.978899999999982,
    46.005747499999984,
    27.995199999999983,
    18.01030000000003,
    28.031003749999968,
    2.0155000000000314,
    26.015300000000025,
    2.015800000000013,
    15.994799999999998,
    17.0265,
    67.98720000000003,
    67.98739999999998,
    67.98759999999999,
    67.98759999999999,
    46.005499999999984,
    46.00539999999995,
    46.00509999999997,
    46.00509999999997,
    46.00509999999997,
    46.00568950000002,
