{
  "study": "ST002554_RPneg__ppm5_3611102",
  "num_khipus": 7159,
  "num_features": 89009,
  "mzdelta_explained_khipus": 155,
  "mzdelta_explained_features": 297,
  "freq_delta_values_used": [
    67.98759999999993,
    28.031200000000013,
    67.98719999999992,
    42.01049999999998,
    2.0160000000000764,
    28.030800000060935,
    15.994799999999941,
    28.03109999999998,
    26.015300000000025,
    26.015499999999975,
    13.979500000000144,
    27.995000000000005,
    26.015100000000018,
    15.994599999999991,
    42.010284166666565,
    42.04692100000011,
    15.99449999999996,
    26.015499999999975,
    26.015499999999975,
    2.0159499999998616,
    67.98689999999999,
    15.99470000000008,
    67.98720000000003,
    27.994500000000016,
    32.025699999999915,
    67.98737133333339,
    67.98734390000004,
    67.98729890476181,
    15.995000000000005,
    18.0099345000001,
    26.015499999999975,
    2.0154763333333676,
    18.01059999999984,
    67.9873,
    15.994400000000041,
    46.0050483337576,
    13.97947499999998,
    13.979366066666671,
    2.0160995004069946,
    13.978899999999953,
    42.009900000000016,
    67.98749625000005,
    2.015644166666789,
    15.99470000000008,
    46.00540000000001,
    13.979100000000017,
    15.994300000000067,
    14.0154,
    17.02684249999993,
    15.995000000000005,
    46.005300000000034,
    26.0154,
    42.010234500000024,
    42.01081666666664,
    26.015848333333338,
    28.0316499999999,
    2.015228000000093,
    67.9873,
    14.015700000000038,
    26.015649999999937,
    18.010299999999916,
    2.015100000000018,
    2.015100000000018,
    28.03140000000002,
    26.015799999999956,
    46.004872999999975,
    15.994500000000016,
    2.0153999999999996,
    32.02610000000004,
    28.030904999999848,
    46.00550524999994,
    15.995100000000093,
    42.047199999999975,
    42.009900000000016,
    67.98680000000002,
    28.03099999999995,
    2.015899999999988,
    15.9949345,
    46.004800000000046,
    15.995000000000005,
    46.00569999999993,
    15.994749999999954,
    2.0153000000000247,
    13.978799999999978,
    67.98759999999993,
    67.98700000000008,
    46.00559999999996,
    14.015100000000018,
    27.99440000000004,
    42.04660000000001,
    32.025800000000004,
    14.015800000000013,
    26.015899999999988,
    26.015565500956427,
    67.98759999999993,
    26.015300000000025,
    26.01540849999992,
    67.98720000000003,
    2.0153999999999996,
    67.9874000000001,
    46.004999999999995,
    32.026300000000106,
    46.00570000000005,
    67.98750000000007,
    42.010614999999916,
    15.994894733333354,
    13.978899999999953,
    18.01069999999993,
    2.0153000000000247,
    2.0159999999999627,
    26.015539166666713,
    26.015999999999963,
    15.994400000000041,
    67.98715249999998,
    2.015699999999981,
    15.995277166666597,
    46.0057271666667,
    42.010599999999954,
    2.015800000000013,
    67.987168,
    27.994799999999998,
    26.015800000000013,
    46.005694666666614,
    26.015850000000114,
    18.01089999999988,
    46.00491862499996,
    46.005465375000085,
    15.995249999999942,
    2.015325000644907,
    18.010700000000043,
    15.995202499999323,
    42.01060000000007,
    2.015800000000013,
    28.030700000000024,
    27.994738166666593,
    15.994700000000023,
    27.99441850000005,
    26.015700000000038,
    2.0153999999999996,
    13.978999999999985,
    17.026700000000005,
    42.01044999999999,
    15.994400000000041,
    14.015699999999924,
    67.9874000000001,
    26.015700000000038,
    28.031189166666763,
    26.015800000000013,
    2.0155191672283763,
    15.994850000000042,
    15.995149999999967,
    27.994500000000016,
    67.98733800000002,
    15.995000000000005,
    2.015838333855413,
    42.01080000000002,
    67.98680000000002,
    28.031399999999962,
    26.01569999999998,
    67.98750000000001,
    15.995049999999992,
    67.98720000000003,
    67.98759999999999,
    15.994699999999966,
    67.98740000000004,
    27.99499416666663,
    67.98719999999997,
    26.015445833333274,
    26.015272083333343,
    14.01570000000001,
    28.0308,
    42.010400000000004,
    13.978700000000003,
    2.0153999999999996,
    2.0153999999999996,
    67.98760000000004,
    28.03082610000058,
    67.98740200000071,
    26.015800000000013,
    26.015847500439236,
    46.00569999999999,
    27.994500000000016,
    18.010800000000017,
    42.04680000000002,
    26.0154,
    67.9873,
    42.04679999999996,
    15.995000000000005,
    28.031499999999994,
    67.98749999999995,
    28.030850000000044,
    15.994778000000338,
    28.031042500000012,
    42.046400000000006,
    15.99483749999996,
    18.01079999999996,
    67.98712616666802,
    14.015999999999991,
    26.015600000000063,
    46.00557916666662,
    46.00490000000002,
    46.00569999999999,
    67.98720000000003,
    46.0052,
    2.015699999999981,
    27.99459999999999,
    15.995000000000005,
    46.00509999999997,
    2.0155000000000314,
    32.026400000000024,
    42.010599999999954,
    2.0155000000000314,
    67.9873,
    28.03140000000002,
    42.010688000000016,
    27.994899999999973,
    18.01061999999996,
    14.015350000000012,
    28.031000000000006,
    14.015550000000019,
    14.015600000000063,
    26.015999999999963,
    2.0156000000000063,
    13.97930000000008,
    28.031500000000023,
    27.994500000000016,
    67.98750000000001,
    2.015549999999962,
    67.98739999999998,
    28.031600000000026,
    27.994700000000023,
    2.015600000000063,
    14.015899999999988,
    14.015699999999981,
    26.01559999999995,
    27.994999999999948,
    67.98721866666801,
    2.0160000000000196,
    67.98690000000005,
    2.0160000000000196,
    67.9871,
    18.010651166666605,
    67.98759999999999,
    67.98759999999999,
    2.015699999999981,
    28.031100000000038,
    27.995299999999986,
    46.00574999999998,
    46.00568609999999,
    14.015491999999995,
    15.994500000000016,
    15.99487375000001,
    13.979299999999967,
    27.99505000000005,
    15.99509999999998,
    18.010299999999972,
    28.030700000000024,
    13.979100000000017,
    46.005499999999984,
    15.995200000000011,
    67.98750000000001,
    42.010400000000004,
    2.0160000000000196,
    42.01010000000002,
    46.005499999999984,
    2.015800000000013,
    15.994699999999966,
    27.99490000000003,
    2.0156000000000063,
    18.01044999999999,
    28.031187499999987,
    42.0102,
    28.030752500000006,
    42.01031999999998,
    2.0159499999999753,
    13.979249999999979,
    15.994799999999998,
    42.01060000000001,
    18.010400000000004,
    13.978850000000023,
    15.994500000000016,
    14.015199999999993,
    46.00490000000002,
    26.015800000000013,
    13.979500000000002,
    15.995097499999986,
    27.994600000000048,
    15.994700000000023,
    46.005499999999984,
    42.01060000000001,
    28.03155991666665,
    26.015700000000038,
    46.00554999999997,
    18.01049999999998,
    26.015917166666668,
    2.015550000000019,
    28.03135000000003,
    42.04662250000001,
    26.015800000000013,
    28.031399999999962,
    2.0156000000000063,
    13.97890000000001,
    26.01569999999998,
    13.979127500000004,
    46.00569999999999,
    42.01079999999996,
    46.00569999999999,
    46.00569999999999,
    26.01570000000001,
    2.015495000000044,
    15.995062500000017,
    18.010612500000036,
    32.02588500000002,
    14.015899999999988,
    18.010899999999992,
    13.979567499999973,
    13.979567499999973,
    13.979000000000042,
    18.010710250000045,
    26.015965499999993,
    2.015800000000013,
    18.01060000000001,
    15.99490000000003,
    2.0155000000000314,
    26.015800000000013,
    15.994645999999989,
    26.015900000000016,
    13.979105833333335,
    17.0265,
    32.02589999999998,
    2.015199999999993,
    46.005600000000015,
    14.015699999999981,
    2.0153999999999996,
    2.015199999999993,
    42.04669999999999,
    67.98760000000004,
