{
  "study": "ST001243_RPneg__ppm5_3518535",
  "num_khipus": 2631,
  "num_features": 18663,
  "mzdelta_explained_khipus": 95,
  "mzdelta_explained_features": 253,
  "freq_delta_values_used": [
    67.98719999999992,
    46.005499999999984,
    2.015577250000092,
    26.0152700000001,
    28.031562000000008,
    26.015984749999916,
    67.98740000000004,
    42.01089999999999,
    67.98700000000002,
    2.0160491666666758,
    2.0159091666665745,
    15.99490000000003,
    2.0159999999999627,
    28.031200000000126,
    26.015200000000164,
    67.98689999999999,
    2.0158592000043427,
    26.0157999999999,
    67.98720000000003,
    42.009900000000016,
    26.015700000000038,
    18.010250000000042,
    67.98709999999994,
    67.98700000000008,
    67.98680000000002,
    67.98720000000003,
    67.98740000000001,
    67.98740000000001,
    67.98740000000001,
    67.9873,
    28.0308,
    67.98739999999998,
    42.01049999999998,
    67.98719999999997,
    28.031099999999924,
    2.015899999999988,
    15.994500000000016,
    67.98719999999997,
    28.03143333339449,
    67.9874000000001,
    26.015600000000006,
    32.02550000007011,
    42.04720000000003,
    13.97944583333333,
    67.9871,
    14.015300000000025,
    67.98689999999999,
    67.98719999999997,
    42.047,
    67.98720000000003,
    67.9871,
    67.98680200000001,
    67.98680200000001,
    46.00529999999998,
    14.015799999999984,
    67.98679999999996,
    67.98700000000002,
    26.01569999999998,
    28.031399999999962,
    27.99430000000001,
    18.010300000000257,
    67.98700000000002,
    15.994899999999973,
    67.9873,
    67.98720000000003,
    46.0052,
    67.9871,
    67.98719999999997,
    67.98719999999997,
    67.98700000000002,
    2.0153999999999996,
    67.9871,
    2.015800000000013,
    67.98689999999999,
    46.0052,
    15.994700000000023,
    32.026400000000024,
    67.98700000000002,
    46.004999999999995,
    46.00539999999995,
    2.0157464999999775,
    26.015000000000015,
    18.01049999999998,
    46.0052,
    2.0151500000000055,
    67.9871,
    67.98690000000005,
    2.015699999999981,
    28.0314123,
    67.98700000000002,
    67.98740000000004,
    46.004999999999995,
    46.005600000000015,
    67.9871,
    46.0052,
    2.0160000000000196,
    46.005079999999964,
    42.04680000000002,
    67.98689999999999,
    42.010400000000004,
    42.047000000000025,
    67.98750000000001,
    13.97890000000001,
    28.031657999999993,
    46.00539999999995,
    46.00539999999995,
    67.98695466666663,
    2.0156000000000063,
    27.995299999999986,
    46.00529999999998,
    42.0471,
    67.98689999999999,
    67.98700000000002,
    46.0052,
    46.00524999999993,
    67.9871,
    27.994700000000023,
    42.01071799999994,
    27.994799999999998,
    46.00540000000001,
    46.00539999999995,
    32.02570000000003,
    26.01508775000002,
    15.994999999999976,
    46.0052,
    15.994799999999998,
    14.015699999999981,
    28.03090000000003,
    15.995100000000008,
    26.01569999999998,
    46.005499999999984,
    67.98719999999997,
    46.00493399999766,
    28.0308,
    27.994600000000048,
    27.994600000000048,
    46.00550000000004,
    67.98706200000001,
    18.010599999999982,
    26.01569999999998,
    15.994900000000001,
    42.010699999999986,
    14.015599999999978,
    2.0155999999999494,
    42.010541049999716,
    2.0155990999999744,
    67.98719999999997,
    32.02589999999998,
    46.00516466666667,
    46.005445000000066,
    15.994899999999973,
    18.010299999999972,
    15.994500000000016,
    17.0265,
    18.010699999999986,
    18.01030000000003,
    46.0054000003839,
    42.01089999999999,
    18.010500000000036,
    67.98710000000003,
    14.015799999999984,
    14.015799999999984,
    15.994999999999976,
    67.98769999999999,
    26.015199999999993,
    46.00555,
    42.04679933306511,
    2.015699999999981,
    28.031499999999994,
    2.015119999999996,
    15.995000000000005,
    13.979299999999995,
    42.0102,
    14.015500000000003,
    46.005213600001525,
    32.02629999999999,
    18.010700000000014,
    2.0156000000000063,
    42.01079999999999,
    32.02629999999999,
    18.01060000000001,
    13.979299999999995,
    18.010800000000017,
    46.00482299999999,
    28.031499999999994,
    13.978700000000003,
    27.994972750285683,
    13.979399999999998,
    42.010700000000014,
    2.015602333617551,
    18.010294666422396,
    27.995199999999983,
    2.015699999999981,
    15.995032250000293,
    13.979500000000002,
    46.00550000000001,
    42.010699999999986,
    42.01079999999999,
    27.99509999999998,
    15.994900000000001,
    2.0156000000000063,
    2.015672500000022,
    18.010700000000014,
    27.995199999999983,
    27.995199999999983,
    46.005799999999994,
    2.0154999999999745,
    28.03110000000001,
    2.0151513333333355,
    15.994700000000023,
    32.02600000000001,
    15.994977500000005,
    18.01079999999999,
    13.979399999999998,
    32.026399999999995,
    27.994999999999976,
    15.994738600001511,
    18.010599999999982,
    2.015500000000003,
    2.0152999999999963,
    13.979399999999998,
    42.01080000000002,
    42.0471,
    2.0152999999999963,
    18.010062000000005,
    27.994899999999973,
    14.015800000000013,
    15.995200000000011,
    15.995200000000011,
    27.995199999999983,
    2.015700000004415,
    46.00569999999999,
    15.995039388699098,
    28.03140000000002,
    13.979299999999995,
    32.0265,
    27.995100000000008,
    32.02606133319142,
    2.015699999999981,
    28.03160537500301,
    26.01599999999999,
    46.00546800000001,
    14.01582000000002,
    2.015699999999981,
    13.979400000000027,
    2.015699999999981,
    15.994800499840807,
    26.015430250001344,
    46.005300000000005,
    26.015800000000013,
    14.015600000000006,
    26.015799999999984,
    26.015799999999984,
    67.9873,
    2.0157999999999845,
    46.00559999999999,
    2.0159000000000162,
    2.0157000000000096,
    14.015800000000013,
    14.01554999999999,
    46.00570000000002,
    15.994729999999976,
    14.01570000000001,
    26.015799999999984,
    2.0157000000000096,
    32.026399999999995,
    46.00569999999999,
    26.01570000000001,
    28.031300000000016,
    42.01068216666667,
    28.031141333333352,
    17.02619999999999,
    15.994799999999998,
    2.0157000000000096,
    13.979299999999995,
    2.0157999999999845,
    15.994799999999998,
    27.995000000000033,
    13.979299999999995,
    67.98759999999999,
    27.99507899999955,
    32.0260725,
    14.015699999999981,
    13.979299999999995,
    28.03139999999999,
    46.00559999999999,
    2.015749999999997,
    18.01060000000001,
    18.01060000000001,
    27.995000000000005,
    27.995000000000005,
    2.015650000000022,
    15.994799999999998,
    15.994850000000014,
    2.0157737499999655,
    17.026600000000002,
    32.02629999999999,
    14.015984999997187,
    15.994999999999976,
    15.995000000000005,
    27.994950000000003,
    32.02629999999999,
    2.01561375,
    28.03140000000002,
    17.02600000000001,
    28.031400000000005,
    2.0157000000000096,
    14.015852499999994,
    17.026600000000002,
    13.979299999999995,
    27.995069749962795,
    27.995287000098216,
    42.010700000000014,
    2.0157000000000096,
    15.995000000000005,
    15.994999999999976,
    27.995199999999983,
    15.994999999999976,
    27.995199999999983,
    15.994900000000001,
    15.994900000000001,
    14.015699999999981,
    28.031350000000003,
    2.015699999999981,
    26.015442249999452,
    15.995000000000005,
    14.015799999999984,
    42.01070200000001,
    26.015600000000006,
    14.015199999999993,
    15.994547555501725,
    28.031400000000005,
    27.995075000000014,
    15.994899999999987,
    2.015699999999981,
    13.979199999999992,
    14.015699999999981,
    2.0156665000764065,
    15.994916500076414,
    18.01071900007642,
    32.02619999999999,
    15.995000000000005,
    2.015699999999981,
