{
  "study": "ST002331_RPneg_B5_ppm5_3655219",
  "num_khipus": 2011,
  "num_features": 22129,
  "mzdelta_explained_khipus": 100,
  "mzdelta_explained_features": 116,
  "freq_delta_values_used": [
    2.01520000000005,
    67.9871,
    2.0155999999999494,
    27.994799999999998,
    17.0265,
    13.97930000000008,
    28.03099999999995,
    26.015600000000063,
    14.015699999999981,
    14.015733333333287,
    14.015100000000075,
    67.9873,
    14.015600000000006,
    13.978676000000064,
    2.015899999999988,
    26.015350000000012,
    26.01591083333335,
    18.01049999999998,
    14.0156608333333,
    14.015600000000063,
    28.030899999999974,
    14.015999999999963,
    18.010599999999954,
    14.01528216666668,
    14.015172499999949,
    67.98750000000001,
    18.010600000000068,
    14.0153360999999,
    67.98729999999995,
    67.9873,
    67.98750000000001,
    67.98768799999999,
    67.9873353330699,
    27.994500000000016,
    67.9868180004076,
    46.005799999999965,
    15.994899999999973,
    28.0309258333333,
    46.00534999999991,
    14.015927500000032,
    14.015927500000032,
    18.01060000000001,
    46.00540000000001,
    46.00540000000001,
    67.98759999999999,
    46.00569999999999,
    46.00559999999996,
    28.031499999999994,
    26.01550000000003,
    42.01089999999999,
    46.00570000000005,
    46.00555000000003,
    14.015900000000045,
    67.98739999999998,
    46.00537250000002,
    14.015700000000038,
    46.005499999999984,
    46.00540000000001,
    14.015199999999993,
    14.015410833333306,
    14.015600000000063,
    14.015500000000031,
    46.00528916666667,
    46.00570000000005,
    67.98759999999999,
    14.015800000000013,
    13.978800000000035,
    2.0153424999999743,
    28.03145703571431,
    14.015699999999981,
    42.0471,
    46.00550000000004,
    14.015999999999963,
    14.015699999999981,
    46.00557749999996,
    2.0156000000000063,
    46.005544749999956,
    46.00559999999996,
    14.015799999999984,
    46.00555193333332,
    14.015550000000019,
    46.005499999999984,
    46.005600000000015,
    46.00565,
    46.00573333333335,
    46.005577500000015,
    46.00552833333336,
    67.98760000000004,
    46.005499999999984,
    14.015918333333332,
    46.00546975000003,
    14.015677500000038,
    14.015644166666675,
    14.015727500000025,
    13.979300000000023,
    28.03140000000002,
    14.0155441666667,
    14.01570000000001,
    46.00577749999911,
    67.98759999999999,
    46.00555859999997,
    46.005300000000034,
    46.00556713293798,
    46.005439666666234,
    14.015600000000006,
    46.00540633333304,
    14.015794166666694,
    46.00565,
    14.015098333333356,
    46.00556250000005,
    46.00549193333336,
    42.0471,
    46.00552300000001,
    67.98760283333334,
    67.98749999999998,
    46.00567750000002,
    14.01559999999995,
    42.01080000000002,
    42.046400000000006,
    13.979199999999992,
    18.01060000000001,
    14.015600000000006,
    18.01060000000001,
    14.015610833333312,
    2.0156000000000063,
    46.005449999999996,
    14.015600000000006,
    46.005420833333375,
    15.995299999999986,
    42.04694999999998,
    46.00542299999975,
    14.015600000000006,
    2.0154999999999745,
    18.010400000000004,
    46.00539999999998,
    14.015599999999978,
    2.0156000000000063,
    2.015700000000038,
    67.98755400000002,
    46.00550000000001,
    46.00529999999998,
    46.00550000000001,
    46.00540750000013,
    14.0154,
    67.9872,
    14.015800000000013,
    28.030900000000003,
    27.9949,
    27.9949,
    42.01036666666667,
    46.005455833333315,
    27.9949,
    2.0157000000000096,
    46.00505749999999,
    14.015500000000003,
    15.994950000000017,
    46.00521083333334,
    13.979299999999995,
    2.015700000000038,
    46.005566500000015,
    18.010500000000008,
    13.978802833333333,
    67.98740000000001,
    67.98740000000001,
    18.0103,
    28.031300000000016,
    46.00550000000001,
    15.99481083333336,
    14.015466666666669,
    15.994736333333321,
    46.005589999999984,
    27.99494999999999,
    42.010700000000014,
    18.010700000000014,
    2.015800000000013,
    46.00559999999999,
    15.994900000000001,
    14.01570000000001,
    2.0156499999999937,
    14.015630333333348,
    26.01556316666634,
    67.98708874996282,
    67.98757675000026,
    15.995000000000005,
    14.015699999999981,
    32.02629999999999,
    46.00560749999997,
    18.010599999999982,
    27.994699999999995,
    18.010599999999982,
    42.010565500000325,
    18.010599999999982,
    15.994900000000001,
    13.97920000000002,
    27.994699999999995,
    15.995000000000005,
    27.99430000000001,
    14.01570000000001,
    2.0157000000000096,
    46.0056,
    15.994932166666501,
    14.01570000000001,
    28.030800000000013,
    18.01060000000001,
    17.026399999999995,
    32.02640000000001,
    14.015650000000008,
    28.031350000000018,
    28.0312225,
    2.0156000000000063,
    13.979500000000002,
    14.015760833333346,
    42.046400000000006,
    15.995000000000005,
    42.010700000000014,
    27.995100000000008,
    14.015722499999995,
    26.0158,
    18.0107,
    26.01570000000001,
    18.010599999999997,
    17.026600000000002,
    14.01570000000001,
    15.995000000000005,
    27.99430000000001,
    27.9953,
    14.015718333333325,
    26.01568916666666,
    27.9949,
    15.995000000000005,
    2.0156000000000063,
    2.015599999999992
  ],
  "have_precursors": 1610,
  "ms2_explained_features": 92,
  "delta_values_ms2": [
    46.00638999999998,
    46.01243810000001,
    43.9898417,
    43.989501799999985,
    43.98935999999999,
    28.031012599999997,
    56.99759999999999,
    56.99759999999999,
    28.031299999999987,
    58.005718200000004,
    28.031299999999987,
    28.031299999999987,
    28.031299999999987,
    61.999570000000006,
    18.010070000000013,
    62.00020740000001,
    18.0098074,
    18.01064740000001,
    62.00048740000001,
    0.026139999999998054,
    30.0108635,
    30.0108635,
    44.001099999999994,
    62.000227499999994,
    48.003288199999986,
    0.021510000000006357,
    92.01136199999999,
    123.94618168945301,
    108.00515,
    0.14246312109381165,
    86.0005,
    86.0005,
    29.002805273438014,
    58.042815000000004,
    58.042815000000004,
    101.04735234375,
    80.0471,
    80.04633000000001,
    80.04713000000001,
    110.03688774783001,
    43.989689999999996,
    43.98983190000001,
    32.02690373242194,
    151.9427,
    161.0791992,
    59.03657,
    156.115,
    156.115,
    156.115,
    125.96320000000001,
    2.015931897460888,
    17.974492555664114,
    206.09568929687498,
    206.0951,
    152.15656287231442,
    88.05180000000001,
    79.95680000000002,
    43.98989999999998,
    121.03404281445313,
    100.0532,
    162.05270000000002,
    46.00691500000005,
    43.989607999999976,
    236.071,
    44.026377585937496,
    97.97551449999997,
    97.97612299999997,
    46.00534099999999,
    366.152671328125,
    87.03161999999998,
    302.2252789,
    74.03432280000004,
    18.010126200000002,
    43.00555913085901,
    2.015568049999999,
    43.98980000000002,
    43.990228099999996,
    43.98967809999999,
    30.0103582,
    27.9949,
    15.023599999999988,
    15.023528100000021,
    15.023599999999988,
    46.00569999999999,
    46.005300000000005,
    62.03700398226499,
    66.03173210000001,
    43.99035000000001,
    87.00919179101564,
    43.989389999999986,
    86.0016,
    46.006223000000034,
    254.22333310546898,
    63.9619
  ]
}