{
  "study": "ST001430_RPneg_B4_ppm5_350239",
  "num_khipus": 3402,
  "num_features": 42056,
  "mzdelta_explained_khipus": 164,
  "mzdelta_explained_features": 299,
  "freq_delta_values_used": [
    14.01520000000005,
    14.01580000000007,
    2.0153999999999996,
    15.994599999999991,
    27.994399999999985,
    13.978900000000067,
    32.02570000000003,
    28.03140000000002,
    42.010500000000036,
    15.994599999999991,
    2.0155999999999494,
    2.0159000000001015,
    26.0154,
    14.015201249999905,
    14.015201249999905,
    2.015600000000063,
    14.015177499999936,
    14.015900000000045,
    14.015900000000045,
    18.00999999999999,
    18.00999999999999,
    2.015199999999936,
    2.015472499999987,
    18.01060000000001,
    46.00490000000002,
    2.015700000000038,
    2.015700000000038,
    2.0155999999999494,
    2.0155999999999494,
    18.01014999999984,
    2.015480833335346,
    2.0155333333333374,
    14.0154,
    17.026700000000005,
    26.015199999999936,
    2.015299999999911,
    18.010700000000043,
    18.009900000000016,
    42.01079999999999,
    18.010249999999928,
    2.015427500006922,
    28.0308,
    2.0157212500000696,
    42.010400000000004,
    2.015700000000038,
    28.031000000000006,
    2.015899999999988,
    2.015792499999975,
    46.00548450000002,
    2.015600000000063,
    28.031200000000013,
    15.994507499999997,
    15.994500000000073,
    18.010599999999982,
    42.047200000000004,
    2.015999999999991,
    2.015700000000038,
    26.015950000456485,
    15.995100000000036,
    18.01049999999998,
    28.031000000000006,
    32.025800000000004,
    26.01577583378537,
    14.015600000000063,
    2.0156000000000063,
    46.00529999999998,
    42.04699999999997,
    27.99459999999999,
    15.99490000000003,
    18.01087750000005,
    32.025900000000036,
    42.04669999999999,
    42.04660000000001,
    14.015049999999974,
    2.015649999999937,
    42.0103,
    2.015899999999988,
    46.004999999999995,
    15.994500000000016,
    28.03159999999997,
    42.01089749999994,
    28.030700000000024,
    2.015549999999962,
    2.0153999999999996,
    14.015600000000006,
    2.015549999999962,
    2.015357500001869,
    27.99440000000004,
    32.02600000000001,
    18.01049999999998,
    15.994399999999985,
    14.015349999999955,
    14.015800000000013,
    14.015899999999988,
    42.04649999999998,
    28.031265500351992,
    26.0154,
    18.01030000000003,
    42.046899999999994,
    26.0154,
    26.015474999999924,
    14.015600000000006,
    26.015272500000037,
    32.02629999999999,
    14.015499999999975,
    2.0156000000000063,
    14.015600000000006,
    2.015754999999956,
    2.015449999999987,
    27.994500000000016,
    2.015100000000018,
    2.0156000000000063,
    28.0308,
    2.0155999999999494,
    42.010400000000004,
    26.0154,
    15.994699999999966,
    42.01060000000001,
    14.015600000000006,
    27.9949,
    28.031200000000013,
    13.979199999999992,
    2.0156499999999937,
    26.01550000000003,
    13.979300000000023,
    14.015800000000013,
    46.00529999999998,
    46.00511611139285,
    18.010400000000004,
    46.0052,
    28.03132125000002,
    32.0256,
    15.995100000000036,
    28.031200000000013,
    28.03109999999998,
    14.015500000000031,
    14.015699999999981,
    14.015699999999981,
    2.0154999999999745,
    13.979199999999992,
    46.005499999999984,
    28.031349583333338,
    27.994500000000016,
    2.0156000000000063,
    15.99475000000001,
    15.994829166666705,
    67.98750000000001,
    14.015700000000038,
    28.031499999999994,
    26.01569999999998,
    42.046899999999994,
    27.995000000000005,
    27.994999999999948,
    42.04675583333335,
    28.031300000000044,
    32.02639999999997,
    2.0155999999999494,
    2.0157499999999686,
    15.995000000000005,
    2.0160000000000196,
    26.015877500000045,
    15.994932499999948,
    32.02625583333332,
    14.015649999999994,
    32.02624999999995,
    28.031299999999987,
    14.015800000000013,
    2.0153999999999996,
    32.026036999999974,
    14.015700000000038,
    32.02619999999996,
    14.015699999999981,
    18.010699999999986,
    18.010599999999954,
    46.00544383333329,
    15.994799999999998,
    32.02619999999996,
    14.015699999999981,
    18.010599999999954,
    32.02619999999996,
    14.015699999999981,
    46.005367500000034,
    28.031299999999987,
    28.031300000000044,
    15.994900000000001,
    42.04680000000002,
    32.02610000000004,
    67.98740000000004,
    42.01039999999995,
    26.015499999999975,
    28.031000000000006,
    14.015499999999975,
    26.015600000000006,
    27.994843833333334,
    42.01000000000005,
    32.025800000000004,
    28.031000000000006,
    14.015499999999975,
    2.0154999999999745,
    26.015800000000013,
    14.015699999999981,
    2.015550000000019,
    32.02620000000002,
    27.99490000000003,
    14.0154,
    32.02610000000004,
    42.04660000000001,
    28.031299999999987,
    27.995000000000005,
    32.025800000000004,
    14.015584499999989,
    15.994828333333317,
    18.010484500000018,
    32.02598449999999,
    46.00540000000001,
    28.031300000000044,
    2.0156000000000063,
    32.02634999999992,
    14.015999999999963,
    14.015600000000006,
    18.01060000000001,
    27.994899999999973,
    15.994799999999998,
    14.015100000000018,
    32.026192500000036,
    14.015700000000038,
    15.994400000000041,
    18.010400000000004,
    32.026192500000036,
    14.015700000000038,
    2.0155000000000314,
    32.026273333401264,
    18.010400000000004,
    15.995049999999992,
    27.994999999999948,
    27.994899999999973,
    2.0156561666667017,
    14.015156166666713,
    27.99515616666673,
    32.02604200000002,
    2.015550000000019,
    14.015700000000038,
    28.031199999999956,
    26.0154,
    13.978827499999966,
    14.015499999999975,
    26.0154,
    28.031299999999987,
    14.015499999999975,
    26.0154,
    28.031299999999987,
    14.015499999999975,
    28.031292500000006,
    26.0154,
    2.0153999999999996,
    27.994899999999973,
    13.979499999999973,
    32.02639999999997,
    27.994844166666667,
    13.979200000000048,
    42.01079999999996,
    2.0156000000000063,
    42.047157499613604,
    13.97890000000001,
    2.0156000000000063,
    18.0106725,
    28.031499999999994,
    14.015799999999956,
    2.0159999999999627,
    18.010885833333305,
    46.00529999999998,
    14.015899999999988,
    18.010899999999992,
    14.015499999999975,
    27.994500000000016,
    15.994950000000017,
    32.0265,
    32.0265,
    14.015792500000032,
    15.994885833333342,
    32.0265,
    15.995100000000036,
    2.0156000000000063,
    26.015800000000013,
    14.015800000000013,
    42.01079999999996,
    42.01080000000002,
    46.005799999999965,
    18.01079999999996,
    26.01550000000003,
    14.015600000000006,
    27.995199999999954,
    32.025800000000004,
    2.015800000000013,
    13.979100000000017,
    28.031499999999994,
    2.0154999999999745,
    14.015600000000006,
    14.0157375,
    32.026218642857145,
    2.015700000000038,
    27.995299999999986,
    26.015800000000013,
    13.97950000000003,
    42.010850000000005,
    14.015699999999981,
    18.010899999999992,
    14.0154,
    15.995148749999998,
    18.01049999999998,
    15.995284999999967,
    18.01049999999998,
    42.01080000000002,
    14.015805833333332,
    2.015303499999959,
    28.030942249630925,
    46.00489999999999,
    14.015802250000036,
    27.994414166666672,
    27.99510166666596,
    13.979584499999987,
    26.015638749630966,
    2.0153770833351246,
    27.995000000000005,
    14.015620000425258,
    18.01030000000003,
    14.015600000000006,
    26.015800000000013,
    46.005449999999996,
    2.015427999999986,
    18.010563750000017,
    32.026400000000024,
    15.99505314285716,
    18.010719999997036,
    42.01035749969196,
    15.995081874999983,
    2.0153999999999996,
    27.994866666666667,
    2.0153999999999996,
