{
  "study": "ST001335_RPneg__ppm5_35133334",
  "num_khipus": 2766,
  "num_features": 24896,
  "mzdelta_explained_khipus": 258,
  "mzdelta_explained_features": 271,
  "freq_delta_values_used": [
    26.01529999999991,
    28.03099999999995,
    28.0311999999999,
    28.03099999999995,
    28.03099999999995,
    28.03099999999995,
    42.01019999999994,
    13.979000000000042,
    28.031099999999924,
    67.9873,
    28.030899999999974,
    27.994699999999966,
    28.03110000000015,
    13.979099999999903,
    28.0313000000001,
    28.030899999999974,
    18.01019999999994,
    28.03099999999995,
    14.015177499999936,
    28.031000000000176,
    28.031200000000126,
    67.9871,
    67.98710000000005,
    28.031100000000038,
    14.015433333333476,
    32.02589999999998,
    28.031200000000013,
    67.98719999999997,
    67.9871,
    28.031200000000013,
    15.99490000000003,
    67.9873,
    15.994700000000023,
    28.031200000000013,
    28.0311999999999,
    67.98739999999998,
    18.010000000000048,
    28.0311999999999,
    2.0156000000042695,
    67.98740000000004,
    14.015300000000025,
    28.031200000000013,
    42.0465999999999,
    14.01559999999995,
    14.015126666666674,
    14.015299999999911,
    26.01514999999995,
    14.0156608333333,
    14.0156608333333,
    26.0154,
    14.0156608333333,
    67.98749999999995,
    2.0160854166666695,
    14.015957500000013,
    15.995000000000005,
    15.99500583333338,
    28.03159500000004,
    15.99490000000003,
    15.99490000000003,
    14.015449999999987,
    2.0155999999999494,
    14.015499999999975,
    2.0155999999999494,
    27.994799999999998,
    2.0152816666711715,
    2.015350000000012,
    2.0155999999999494,
    28.031099999999924,
    26.01550249999582,
    18.010899999999992,
    14.015439999999785,
    28.031248000002392,
    42.010730000003946,
    18.010899999999992,
    26.01565000000005,
    15.995199999999954,
    26.01516724999999,
    18.010700000000043,
    15.995199999999954,
    42.010400000000004,
    13.97946833333333,
    26.015350000000012,
    13.979100000000017,
    26.015300000000025,
    26.015300000000025,
    26.015300000000025,
    28.030899999999974,
    2.015380000000391,
    42.0468725000045,
    32.02570000000003,
    32.02570000000003,
    42.04640000000006,
    14.015808000002608,
    27.99529000000416,
    42.04640000000006,
    14.015261749998444,
    26.0154,
    14.015239749999978,
    26.015622500000063,
    46.00509999999997,
    14.015500000000088,
    28.031200000000013,
    2.015997500000026,
    15.994800000000055,
    2.0155147499999657,
    14.015897500000051,
    15.994800000000055,
    13.979299999999967,
    13.979482000001553,
    26.0156845000015,
    2.01593416666924,
    13.979100000000017,
    26.0154,
    15.994799999999998,
    28.030899999999974,
    2.0156500000000506,
    26.015300000000025,
    13.979100000000017,
    26.015300000000025,
    2.015600000000063,
    2.015845833333401,
    14.015140833333362,
    2.015600000000063,
    14.0154,
    14.0154,
    28.031299999999987,
    67.98750000000001,
    42.01060000000001,
    67.98759999999999,
    14.015699999999981,
    28.031499999999937,
    28.031299999999987,
    26.01560049999989,
    26.015300000000025,
    26.01572033333332,
    28.031099999999924,
    14.015699999999981,
    28.031200000000013,
    28.031299999999987,
    15.995000000000005,
    67.98762999999997,
    67.98759999999999,
    27.99490000000003,
    13.979300000000023,
    14.015500000000088,
    14.015760833333275,
    46.00569999999999,
    67.98759999999999,
    28.031399999999962,
    14.015699999999981,
    42.0471,
    13.979200000000048,
    26.015300000000025,
    46.00509999999997,
    15.99529999999993,
    42.010099999999966,
    14.015761999999995,
    14.015499999999975,
    14.01520000000005,
    28.031399999999962,
    2.015700000000038,
    14.015649999999937,
    14.015810833333376,
    14.015369750000104,
    28.031499999999937,
    28.031499999999937,
    15.994744749999995,
    28.03150000000005,
    2.0156000000000063,
    14.015560833333325,
    14.015719750000017,
    2.0158625000000256,
    67.98689999999999,
    15.995000000000005,
    28.031600000000026,
    14.015800000000013,
    28.031399999999962,
    2.0156999999999243,
    14.015533333333337,
    28.031399999999962,
    67.98739999999998,
    14.015928749999944,
    2.0155999999999494,
    14.015494750000016,
    67.98696799999993,
    2.0155999999999494,
    2.0159999999999627,
    28.03150000000005,
    28.0308,
    14.01594488888884,
    15.994720833333304,
    28.031400000000076,
    2.015800000000013,
    18.01084999999989,
    42.01060000000007,
    14.015600000000063,
    18.010400000000004,
    42.010200000000054,
    14.015677499999924,
    14.015527499999962,
    14.015300000000138,
    14.015600000000035,
    67.9871,
    13.979199999999992,
    2.0156999999999243,
    26.015399999999943,
    15.995001666666667,
    42.046899999999994,
    67.9871,
    15.99509999999998,
    67.9871353333333,
    67.98760000000004,
    28.03109999999998,
    28.031099999999924,
    27.99440000000004,
    13.978799999999978,
    28.03129999999993,
    2.0157999999998992,
    18.010550000000023,
    14.015699999999981,
    67.98739999999998,
    42.04660000000001,
    14.01559999999995,
    14.015499999999975,
    28.031299999999987,
    67.9873,
    28.031537665737858,
    2.0156000000000063,
    28.031600000000026,
    14.01565000000005,
    42.047000000000025,
    26.0154,
    14.015750000000025,
    46.005166666666696,
    14.0154,
    42.01056083333333,
    67.9871,
    46.0052,
    42.04650000000004,
    42.01024941666668,
    46.00529883333331,
    14.015760833333331,
    18.010299999999972,
    14.015500000000031,
    2.0157000000000096,
    26.01541233425911,
    67.98730000000006,
    28.031000000000063,
    42.04660000000007,
    14.015600000000063,
    15.994700000000023,
    46.005329166666684,
    32.026099999999985,
    46.00529999999998,
    27.99459999999999,
    13.979100000000017,
    14.015649999999937,
    46.0052,
    14.015600000000006,
    42.01064416666662,
    14.01502000000005,
    46.00529999999998,
    67.98719999999997,
    46.005499999999984,
    67.98759999999999,
    28.031200000000013,
    2.0155000000000314,
    18.010500000000036,
    18.01044999999999,
    67.98693533333511,
    14.015600000000006,
    14.015600000000006,
    46.00540000000001,
    32.026099999999985,
    15.99490000000003,
    28.03090000000003,
    2.0156000000000063,
    14.015899999999988,
    46.00557916666662,
    67.98739999999998,
    46.00547624999996,
    15.995010833333367,
    67.98739999999998,
    14.015699999999981,
    67.98719999999997,
    13.979299999999967,
    14.015760833333331,
    14.015444166666668,
    2.0158108333333757,
    2.0158108333333757,
    42.01010000000002,
    46.005349999999964,
    2.015699999999981,
    32.02620000000002,
    46.00540000000001,
    42.046899999999994,
    18.01049999999998,
    14.015666666666618,
    14.015666666666618,
    26.015199999999993,
    42.01056666666665,
    46.005499999999984,
    46.00539999999995,
    14.015699999999981,
    67.9873,
    14.015699999999981,
    46.00528916666667,
    14.015699999999981,
    18.010400000000004,
    15.994699999999966,
    32.026099999999985,
    46.00539999999995,
    14.015600000000006,
    14.01563333333337,
    14.01563333333337,
    46.00532249999998,
    32.02620000000002,
    46.00540000000001,
    14.015600000000006,
    67.98750000000001,
    67.9873,
    14.015700000000038,
    14.015600000000006,
    46.00504999999998,
    14.015633333333312,
    14.015600000000006,
    14.015699999999981,
    2.0154558333333625,
    67.98706800023308,
    28.031000000000006,
    15.994700000000023,
    14.0154,
    2.0155000000000314,
    18.010400000000004,
    18.010400000000004,
    18.01030000000003,
    15.994649999999979,
    18.010400000000004,
    46.0052,
    18.010400000000004,
    15.994700000000023,
