{
  "study": "ST001181_RPpos_B11_ppm5_36163417",
  "num_khipus": 2116,
  "num_features": 33062,
  "mzdelta_explained_khipus": 85,
  "mzdelta_explained_features": 186,
  "freq_delta_values_used": [
    28.031299999999987,
    67.98739999999998,
    67.98760000000004,
    14.015099999999961,
    67.98739999999998,
    26.01550000000003,
    28.031100000000038,
    13.978707500000041,
    26.0154,
    26.015300000000025,
    2.0159999999999627,
    15.994850000000042,
    42.010299999999916,
    2.0153000000000247,
    42.010577499999954,
    2.015199999999936,
    18.010400000000004,
    2.015199999999936,
    15.995200000000068,
    26.01529999999991,
    42.01049999999998,
    42.00999250000007,
    26.01529999999991,
    18.010600000000068,
    15.995000000000005,
    18.010899999999992,
    18.010899999999992,
    46.00570000000005,
    67.98705466666661,
    42.046949999999924,
    26.015300000000025,
    18.009900000000016,
    2.015142500000138,
    18.01064599999995,
    32.025900000000036,
    26.0154,
    27.995199999999954,
    42.046899999999994,
    15.994799999999998,
    18.0103,
    28.03150000000005,
    27.99490000000003,
    32.02582250000012,
    17.026700000000005,
    28.031200000000013,
    28.031200000000013,
    15.994628333333253,
    27.99479999999994,
    2.0154708333334383,
    2.0156425000000127,
    15.99522583333328,
    15.995000000000005,
    26.015479166666637,
    67.98742133333337,
    67.98729999999995,
    2.0153725000000122,
    14.015372500000069,
    15.994950000000074,
    28.031366666666713,
    42.010322500000086,
    28.031366666666713,
    13.979577500000062,
    26.0159941666667,
    42.010500000000036,
    13.979200000000048,
    42.04630000000003,
    42.04679999999999,
    14.01559999999995,
    26.015700000000038,
    14.015994166666644,
    27.994950000000017,
    26.015372500000012,
    28.031299999999987,
    13.978955833333373,
    15.994799999999998,
    28.03090000000003,
    67.98746549999993,
    14.015927500000032,
    2.0154999999999745,
    42.01025000000084,
    46.00540000000001,
    15.994372499999997,
    14.015499999999975,
    28.030850000000044,
    28.031200000000013,
    32.02570000000003,
    14.015500000000031,
    2.015899999999988,
    15.994636499999956,
    26.015899999999988,
    46.0052,
    32.02600000000001,
    32.02600000000001,
    46.00510000000003,
    46.005300000000034,
    17.026629249999928,
    18.010899999999992,
    2.0157499999999686,
    26.01574999999997,
    28.031200000000013,
    26.015461249999987,
    26.015600000000006,
    42.01028449982988,
    67.98750000000001,
    14.015500000000031,
    46.00550000000001,
    67.98728414285716,
    2.015700000000038,
    28.031300000000044,
    42.04680000000002,
    27.994500000000016,
    18.01071799999994,
    2.0154999999999745,
    14.015600000000006,
    28.031127499999968,
    26.015300000000025,
    42.04680000000002,
    42.01010000000002,
    27.995100000000036,
    15.99490000000003,
    26.015742499999988,
    27.994899999999973,
    14.015527499999962,
    26.015299999999968,
    42.010400000000004,
    28.031200000000013,
    27.994500000000016,
    28.031200000000013,
    26.015600000000006,
    46.005291,
    42.01030000000003,
    18.01049999999998,
    2.015699999999981,
    27.99430000000001,
    28.03109999999998,
    13.97950000000003,
    14.01571266666673,
    46.00535000000002,
    26.015299999999968,
    26.015299999999968,
    28.031299999999987,
    26.015800000000013,
    14.015299999999968,
    26.015499999999975,
    18.010692999999947,
    42.01089999999999,
    46.005499999999984,
    42.010400000000004,
    15.994799999999998,
    26.01550000000003,
    18.010492999999997,
    42.04679999999996,
    42.01075449999996,
    42.01049999999998,
    14.015800000000013,
    27.994799999999998,
    15.995199999999954,
    42.04679999999996,
    2.0160999999999945,
    32.02629999999999,
    42.0471,
    32.02600000000001,
    18.01088166666665,
    27.99449999999996,
    14.015700000000038,
    28.03109999999998,
    42.0471,
    2.015799999999956,
    46.005300000000034,
    17.026700000000005,
    26.01569999999998,
    14.0157958333333,
    42.010400000000004,
    67.9872124997014,
    67.9872,
    28.03109999999998,
    27.99476249999998,
    15.995299999999986,
    14.015899999999988,
    18.00999999999999,
    2.0156000000000063,
    67.98736249999999,
    14.015700000000038,
    15.994399999999985,
    27.995049999999935,
    42.04655000000031,
    14.015614267066269,
    15.995000000000005,
    18.010400000000004,
    28.03110000000001,
    18.010649,
    27.99520000000001,
    18.010699999999986,
    14.015600000000006,
    46.00480000000002,
    15.994700000000023,
    42.04709999999997,
    28.031399999999962,
    14.015700000000038,
    46.005000000000024,
    67.987147,
    27.995000000000033,
    26.01598400000003,
    28.031299999999987,
    42.010400000000004,
    28.03109999999998,
    42.01055899999997,
    18.01015000000004,
    18.01034999999999,
    42.01019999999997,
    18.01024499999997,
    2.015700000000038,
    27.99459999999999,
    15.995000000000005,
    15.994800000000055,
    32.02610000000004,
    14.015400000000056,
    32.02629999999999,
    28.031200000000013,
    14.015500000000031,
    42.01089999999999,
    42.04679999999999,
    14.015699999999981,
    42.04679999999999,
    26.01569999999998,
    18.01030000000003,
    27.994799999999998,
    32.026099999999985,
    13.979199999999992,
    42.010400000000004,
    27.994831200000277,
    26.015599999999978,
    26.015500000000003,
    28.031200000000013,
    14.015500000000003,
    28.031199999999984,
    14.015500000000003,
    28.031199999999984,
    26.015600000000006,
    15.994799999999998,
    32.026100000000014,
    18.010700000000014,
    18.010700000000014,
    2.0159000000000162,
    26.015599999999978,
    15.99495300000001,
    14.015600000000006,
    42.01080000000002,
    2.0156418333333193,
    14.01560816666668,
    28.03140000000002,
    46.0051,
    17.02645000000001,
    18.01079999999999,
    26.01570000000001,
    26.015096999999997,
    15.99484316666667,
    13.978999999999985,
    14.015699999999981,
    26.015599999999978,
    18.010503933333496,
    18.010500000000008,
    14.015500000000003,
    18.0103,
    14.01570000000001,
    14.015383314432029,
    15.994799999999998,
    46.0054558333333,
    17.026399999999995,
    17.026600000000002,
    18.010599999999982,
    42.04700000000001,
    28.031449999999978,
    14.01570000000001,
    32.02619999999999,
    42.046698499969295,
    46.00512916666649,
    27.995000000000005,
    15.995000000000005,
    15.994799999999998,
    42.047200000000004,
    14.015199999999993,
    15.994799999999998,
    46.0050985,
    28.0313,
    42.04657600000087,
    46.00524016666667,
    27.99459999999999,
    15.994789500000465,
    18.01015000000001,
    46.004923999999974,
    15.994748499969319,
    42.01049999999998,
    26.015199999999993,
    15.994699999999995,
    28.031070666665073,
    14.0154,
    28.031499999999994,
    14.015550000030686,
    13.978800000000007,
    2.0156999999999954,
    13.979100000000003,
    14.015900000000002,
    26.01570000000001,
    14.015499999999989,
    26.015100000000004,
    17.026200000000003,
    2.0157000000000096
  ],
  "have_precursors": 3944,
  "ms2_explained_features": 203,