{
  "study": "ST002443_RPpos_B3_ppm5_81311338",
  "num_khipus": 1680,
  "num_features": 27364,
  "mzdelta_explained_khipus": 107,
  "mzdelta_explained_features": 202,
  "freq_delta_values_used": [
    2.015649999999937,
    26.015449999999987,
    26.01520000000005,
    28.03109999999998,
    18.01030000000003,
    42.047199999999975,
    28.031299999999987,
    2.015800000000013,
    14.015699999999981,
    26.0154,
    15.994757499999878,
    42.047000000000025,
    28.03161666666665,
    2.015700000000038,
    28.031099999999924,
    32.02619999999996,
    18.01049999999998,
    13.978999999999985,
    42.01069999999993,
    26.015800000000013,
    2.0153000000000247,
    2.015700000000038,
    18.01049999999998,
    28.031200000000013,
    28.03150000000005,
    2.015700000000038,
    2.015700000000038,
    14.015600000000006,
    18.010832499999992,
    14.01559999999995,
    18.010250000000042,
    28.031200000000013,
    26.015499999999975,
    18.01075000000003,
    28.031199999999956,
    18.010242500001937,
    26.0154,
    2.0156000000000063,
    28.031300000000044,
    26.015600000000006,
    14.015799999999956,
    14.015700000000038,
    18.010199999999998,
    32.026400000000024,
    42.010449999999935,
    15.994799999999998,
    18.010599999999954,
    18.01049999999998,
    18.010550000000023,
    18.010400000000004,
    18.010099999999966,
    14.015800000000013,
    2.015199999999993,
    46.005300000000034,
    2.0159925000000953,
    18.010800000000017,
    32.0265,
    18.010700000000043,
    28.030899999999974,
    42.0103,
    2.015899999999988,
    28.030899999999974,
    2.015800000000013,
    18.010448500000052,
    18.010749499999918,
    18.010380166666607,
    2.015700000000038,
    32.026099999999985,
    18.01030000000003,
    32.0265,
    32.02639999999997,
    32.02640000000008,
    67.98739999999998,
    13.979199999999992,
    27.9949,
    42.01080000000002,
    42.01079999999996,
    18.01060000000001,
    26.015499999999975,
    32.026400000000024,
    32.02618810000007,
    2.0154999999999745,
    14.015600000000006,
    14.015658333333363,
    32.02620000000002,
    32.02620000000002,
    17.026800000000037,
    42.010400000000004,
    2.015799999999956,
    18.010558333333336,
    18.01049999999998,
    18.01049999999998,
    46.004999999999995,
    26.015600000000006,
    18.010500000000036,
    18.010500000000036,
    2.015899999999988,
    42.01049999999998,
    32.02607249999997,
    18.010400000000004,
    18.010599999999954,
    46.005799999999965,
    2.015700000000038,
    18.01065,
    18.01065,
    46.00529999999998,
    14.015099999999961,
    18.010800000000017,
    32.02615000000003,
    14.015600000000006,
    18.010641999670156,
    18.01049999999998,
    18.010700000000014,
    32.02619999999999,
    13.979199999999992,
    27.99486999999999,
    46.0052,
    14.015200000000021,
    26.015599999999992,
    26.015599999999992,
    18.010699999999986,
    18.010699999999986,
    18.010699999999986,
    42.010399999999976,
    14.015799999999984,
    27.99520000000001,
    46.005600000000015,
    27.994800000000026,
    27.99464999999998,
    14.015600000000006,
    32.02590000000001,
    32.02620000000002,
    14.015600000000006,
    46.005499999999984,
    13.979199999999992,
    42.0102,
    14.0154,
    32.0257,
    18.01045750000003,
    67.9871,
    46.0051,
    18.01045750000003,
    2.0156000000000063,
    18.010500000000008,
    27.99520000000001,
    15.994900000000001,
    18.0103,
    42.010700000000014,
    14.015500000000003,
    42.046400000000006,
    14.015449999999987,
    32.026099999999985,
    14.015449999999987,
    42.01034999999999,
    42.01034999999999,
    27.994799999999998,
    14.015600000000006,
    67.9872,
    13.978999999999985,
    28.031299999999987,
    14.015599999999978,
    18.01065,
    18.010532750233807,
    42.047000000000025,
    28.031300000000016,
    14.015988499998628,
    46.004999999999995,
    14.015900000000016,
    42.04635000000002,
    46.004850000000005,
    17.026765166666678,
    17.02664010000001,
    17.026551249999983,
    18.010700000000014,
    27.994699999999995,
    28.030771750220538,
    27.99460000000002,
    32.02632750000001,
    46.005499999999984,
    18.01060000000001,
    32.02601475000003,
    2.0156000000000063,
    28.031200000000013,
    46.00485599999939,
    46.005300000000005,
    42.046899999999994,
    46.005300000000005,
    13.978999999999985,
    15.994699999999995,
    18.01045450018782,
    42.01015000000001,
    27.9949,
    18.0103,
    18.0103,
    18.01049999999998,
    42.010099999999994,
    27.9949,
    14.01524999999998,
    32.025800000000004,
    42.00999999999999,
    42.01059999999998,
    18.01049999999998,
    42.0103,
    42.0463,
    32.02627233322295,
    18.010499999999993,
    14.015587500000663,
    18.00999999999999,
    14.015500000000003,
    14.015299999999996,
    32.026100000000014,
    18.00999999999999,
    18.01017249999998,
    32.026100000000014,
    46.0052,
    26.015907499999997,
    46.00540000000001,
    14.01570000000001,
    15.994799999999998,
    18.010550000000023,
    27.995000000000005,
    32.02574299999998,
    46.005300000000176,
    14.015299999999996,
    13.979172499999976,
    46.005222499999974,
    32.025800000000004,
    14.015800000000013,
    42.01050000000001,
    46.00550000000001,
    46.00550000000001,
    46.00559883333332,
    46.00540125000016,
    17.02679999999998,
    2.0157000000000096,
    27.994799999999998,
    32.026099999999985,
    46.004999999999995,
    15.994799999999998,
    42.046899999999994,
    42.01080000000002,
    14.015927500000032,
    27.99520000000001,
    42.01080000000002,
    14.015825833333338,
    27.994566666666685,
    32.02607583333332,
    42.010649666666524,
    46.00550000000001,
    17.026600000000002,
    14.015299999999996,
    27.994849999999985,
    46.00539999999998,
    46.00500000000001,
    42.046700000000016,
    67.9874,
    28.031299999999987,
    32.02605,
    18.0103,
    32.025800000000004,
    46.005300000000005,
    46.00529999999999,
    17.026399999999995,
    32.02619999999999,
    27.994699999999995,
    13.979099999999988,
    27.994699999999995,
    13.978740833333347,
    18.010249999999985,
    27.994823833333186,
    27.994601666666682,
    14.015500000000003,
    46.005200000000016,
    17.0263865,
    14.015699999999981,
    15.994922499999973,
    27.99500716663161,
    14.015900000000016,
    18.01064999999987,
    42.01079999999999,
    14.015472499999987,
    26.015557166631623,
    26.015557166631623,
    14.015600000000006,
    13.979557000000199,
    27.99528450000001,
    18.010500000000008,
    18.01063875,
    46.00540000000001,
    14.015999999999991,
    26.015650000000008,
    14.015500000000003,
    28.0313,
    27.994899999999987,
    42.04669999999999,
    42.01039999999999,
    46.00512275,
    18.010549999999995,
    18.01020000000001,
    46.00540000000001,
    13.979157166631637,
    46.005280000000496,
    27.99483874999997,
    14.015699999999981,
    42.01039999999999,
    26.01509999999999,
    46.0052225000001,
    18.010500000000008,
    27.994699999999995,
    14.015727499999812,
    14.015100000000004,
    18.010099999999994,
    2.015522500000003,
    26.015599499999993,
    2.015522500000003,
    26.015599500000008,
    46.0052,
    13.979200000000006,
    28.031000000000006,
    27.99470000000001,
    17.026407500000005,
    17.026358666666667,
    17.02640116666666,
    18.010500000000008,
    32.02600000000001,
    27.9948275,
    67.9873,
    18.010499999999993,
    46.005399999999995,
    32.0262,
    42.010400000000004,
    27.994799999999998,
    14.015599999999992,
    2.015599999999992,
    14.015649999999994,
    28.031099999999995,
    26.01549999999999,
    14.015649999999994,
    28.031099999999995,
    18.010400000000004,
    18.01032325000037,
    18.010599999999997,
    15.99430000000001,
    27.994799999999998,
    14.015600000000006,
